{
  "1": [
    74.0212731624915,
    18.52272591811365
  ],
  "2": [
    74.02113368762272,
    18.520609908972638
  ],
  "3": [
    74.0225177074744,
    18.5205386966712
  ],
  "4": [
    74.02261426699894,
    18.522695398937127
  ]
}