{
  "1": [
    75.56238143873317,
    26.845999246467176
  ],
  "2": [
    75.56241898965938,
    26.84546797035016
  ],
  "3": [
    75.56291788053615,
    26.845496688041848
  ],
  "4": [
    75.56292860937221,
    26.846027964024113
  ]
}