{
    "1":[24.389084,	78.901809],
    "2":[24.388654,	78.903772],
    "3":[24.387257,	78.903837],
    "4":[24.387247,	77.901809]
}