{
  "1": [
    75.98645565295269,
    26.602276407219282
  ],
  "2": [
    75.9866192677026,
    26.60224762808561
  ],
  "3": [
    75.98653611922313,
    26.601859109072613
  ],
  "4": [
    75.98622230076839,
    26.601885490035002
  ],
  "5": [
    75.98630813145687,
    26.602307584605914
  ]
}